{
  "manifest": {
    "publishingInformation": {
      "locales": {
        "pt-BR": {
          "summary": "Sample Short Description",
          "examplePhrases": [
            "Alexa abra digital factory",
            "diga o ole",
            "diga o ole da linha S14"
          ],
          "keywords": [],
          "name": "Get Eficiency",
          "description": "Sample Full Description",
          "smallIconUri": "file://assets/images/pt-BR_smallIconUri.png",
          "largeIconUri": "file://assets/images/pt-BR_largeIconUri.png"
        }
      },
      "automaticDistribution": {
        "isActive": false
      },
      "isAvailableWorldwide": false,
      "testingInstructions": "Sample Testing Instructions.",
      "category": "BUSINESS_AND_FINANCE",
      "distributionMode": "PUBLIC",
      "distributionCountries": [
        "BR"
      ]
    },
    "apis": {
      "custom": {
        "endpoint": {
          "uri": "arn:aws:lambda:us-east-1:165591405547:function:6f602c03-227e-4346-911f-0d1db4bc4f69:Release_0"
        },
        "interfaces": [],
        "regions": {
          "EU": {
            "endpoint": {
              "uri": "arn:aws:lambda:eu-west-1:165591405547:function:6f602c03-227e-4346-911f-0d1db4bc4f69:Release_0"
            }
          },
          "NA": {
            "endpoint": {
              "uri": "arn:aws:lambda:us-east-1:165591405547:function:6f602c03-227e-4346-911f-0d1db4bc4f69:Release_0"
            }
          },
          "FE": {
            "endpoint": {
              "uri": "arn:aws:lambda:us-west-2:165591405547:function:6f602c03-227e-4346-911f-0d1db4bc4f69:Release_0"
            }
          }
        }
      }
    },
    "manifestVersion": "1.0",
    "privacyAndCompliance": {
      "allowsPurchases": false,
      "locales": {
        "pt-BR": {}
      },
      "containsAds": false,
      "isExportCompliant": true,
      "isChildDirected": false,
      "shoppingKit": {
        "isShoppingActionsEnabled": false,
        "isAmazonAssociatesOnAlexaEnabled": false
      },
      "usesPersonalInfo": false
    }
  }
}